{
    "acc": 0.951048951048951,
    "f1_score": 0.96045197740113
}