{
    "acc": 0.9736842105263158,
    "f1_score": 0.9770992366412214
}