{
    "acc": 0.9440559440559441,
    "f1_score": 0.9545454545454545
}