{
    "acc": 0.9300699300699301,
    "f1_score": 0.9431818181818182
}