{
    "acc": 0.9020979020979021,
    "f1_score": 0.9195402298850575
}