{
    "acc": 0.958041958041958,
    "f1_score": 0.9659090909090908
}