{
    "acc": 0.9370629370629371,
    "f1_score": 0.9491525423728815
}